Date,Full Name,Member Code,Group,Manager(s),EntryType,Time,Duration,Break,Break Type,Project,Project Code,Project Location,Activity,Activity Code,Client,Client Code,Billable Amount,Notes,Clock In Device,Device Name,Clock In Location,Clock in Location Address,Author,Author Code,Created On,Last Edited By,Last Edited On,Role,Position,Manager(s) Code(s),Selfie Taken,Offline Mode,Flagged,Timezone,Automatic Jibble Out,Rounding Difference to Payroll,Mobile App Mode,Work Schedule Name
5/20/2025,mikaellazaro,mik-1,,,In,04:55 PM,0h 01m,,,,,,,,,,0.00,,IOS,iPhone,,,mikaellazaro,mik-1,5/20/2025 4:55:32 PM,,,Member,,,Yes,No,No,Asia/Manila,No,,Personal,'-
5/20/2025,mikaellazaro,mik-1,,,Out,04:56 PM,,,,,,,,,,,,,IOS,iPhone,,,mikaellazaro,mik-1,5/20/2025 4:56:28 PM,,,Member,,,Yes,No,No,Asia/Manila,No,,Personal,'-
5/20/2025,mikaellazaro,mik-1,,,In,05:02 PM,0h 01m,,,,,,,,,,0.00,,IOS,iPhone,Antel Corporate Center,"Antel Corporate Center, 121 Valero, Makati, 1227 Metro Manila, Philippines",mikaellazaro,mik-1,5/20/2025 5:02:16 PM,,,Member,,,Yes,No,No,Asia/Manila,No,,Personal,'-
5/20/2025,mikaellazaro,mik-1,,,In,05:03 PM,0h 11m,,,,,,,,,,0.00,,Web,Chrome,,,kael lazaro,kl-1,5/20/2025 5:03:04 PM,,,Member,,,No,No,No,Asia/Manila,No,,'-,'-
5/20/2025,kael lazaro,kl-1,,,In,05:04 PM,0h 40m,,,,,,Meeting,Mee-1,,,0.00,,Web,Chrome,,,kael lazaro,kl-1,5/20/2025 5:05:51 PM,,,Owner,,,No,No,No,Asia/Manila,No,,'-,'-
5/20/2025,mikaellazaro,mik-1,,,Out,05:14 PM,,,,,,,,,,,,,IOS,iPhone,Antel Corporate Center,"Antel Corporate Center, 121 Valero, Makati, 1227 Metro Manila, Philippines",mikaellazaro,mik-1,5/20/2025 5:14:03 PM,,,Member,,,Yes,No,No,Asia/Manila,No,,Personal,'-
5/20/2025,mikaellazaro,mik-1,,,In,05:14 PM,0h 40m,,,,,,Installing,Ins-1,,,0.00,,IOS,iPhone,Antel Corporate Center,"Antel Corporate Center, 121 Valero, Makati, 1227 Metro Manila, Philippines",mikaellazaro,mik-1,5/20/2025 5:14:23 PM,,,Member,,,Yes,No,No,Asia/Manila,No,,Personal,'-
5/20/2025,kael lazaro,kl-1,,,Out,05:43 PM,,,,,,,,,,,,,Web,Chrome,,,kael lazaro,kl-1,5/20/2025 5:43:55 PM,,,Owner,,,No,No,No,Asia/Manila,No,,'-,'-
5/20/2025,mikaellazaro,mik-1,,,Out,05:54 PM,,,,,,,,,,,,,IOS,iPhone,Antel Corporate Center,"Antel Corporate Center, 121 Valero, Makati, 1227 Metro Manila, Philippines",mikaellazaro,mik-1,5/20/2025 5:54:20 PM,,,Member,,,Yes,No,No,Asia/Manila,No,,Personal,'-
